fixed acidity,volatile acidity,pH,alcohol,quality
7.4,0.7,3.51,9.4,5
7.8,0.88,3.2,9.8,5
7.8,0.76,3.26,9.8,5
11.2,0.28,3.16,9.8,6
7.4,0.7,3.51,9.4,5
7.4,0.66,3.51,9.4,5
7.9,0.6,3.3,9.4,5
7.3,0.65,3.39,10,7
7.8,0.58,3.36,9.5,7
7.5,0.5,3.35,10.5,5
6.7,0.58,3.28,9.2,5
7.5,0.5,3.35,10.5,5
5.6,0.615,3.58,9.9,5
7.8,0.61,3.26,9.1,5
8.9,0.62,3.16,9.2,5
8.9,0.62,3.17,9.2,5
8.5,0.28,3.3,10.5,7
8.1,0.56,3.11,9.3,5
7.4,0.59,3.38,9,4
7.9,0.32,3.04,9.2,6
8.9,0.22,3.39,9.4,6
7.6,0.39,3.52,9.7,5
7.9,0.43,3.17,9.5,5
8.5,0.49,3.17,9.4,5
6.9,0.4,3.43,9.7,6
6.3,0.39,3.34,9.3,5
7.6,0.41,3.28,9.5,5
7.9,0.43,3.17,9.5,5
7.1,0.71,3.47,9.4,5
7.8,0.645,3.38,9.8,6
6.7,0.675,3.35,10.1,5
6.9,0.685,3.46,10.6,6
8.3,0.655,3.17,9.8,5
6.9,0.605,3.45,9.4,6
5.2,0.32,3.38,9.2,5
7.8,0.645,3.4,9.6,6
7.8,0.6,3.42,10.8,6
8.1,0.38,3.23,9.7,7
5.7,1.13,3.5,9.8,4
7.3,0.45,3.33,10.5,5
7.3,0.45,3.33,10.5,5
8.8,0.61,3.26,9.3,4
7.5,0.49,3.21,10.5,6
8.1,0.66,3.3,10.3,5
6.8,0.67,3.48,9.5,5
4.6,0.52,3.9,13.1,4
7.7,0.935,3.25,9.2,5
8.7,0.29,3.25,9.5,5
6.4,0.4,3.34,9.2,5
5.6,0.31,3.32,9.2,5
8.8,0.66,3.15,9.2,5
6.6,0.52,3.4,9.4,6
6.6,0.5,3.39,9.4,6
8.6,0.38,3.2,9.4,5
7.6,0.51,3.17,10.2,6
7.7,0.62,3.34,9.5,5
10.2,0.42,3.04,9.6,5
7.5,0.63,3.26,9.4,5
7.8,0.59,3.43,10,5
7.3,0.39,3.41,9.4,6
8.8,0.4,3.44,9.2,5
7.7,0.69,3.21,9.3,5
7.5,0.52,3.38,9.5,7
7,0.735,3.39,9.8,5
7.2,0.725,3.41,10.9,5
7.2,0.725,3.41,10.9,5
7.5,0.52,3.42,9.6,5
6.6,0.705,3.44,10.7,5
9.3,0.32,3.28,10.7,5
8,0.705,3.34,10.5,6
7.7,0.63,3.32,9.5,6
7.7,0.67,3.32,9.5,5
7.7,0.69,3.31,9.5,5
8.3,0.675,3.31,9.2,4
9.7,0.32,3.28,9.6,5
8.8,0.41,3.54,10.5,5
8.8,0.41,3.54,10.5,5
6.8,0.785,3.52,10.7,6
6.7,0.75,3.38,10.1,5
8.3,0.625,3.16,9.1,4
6.2,0.45,3.41,9.2,5
7.8,0.43,3.13,9.4,5
7.4,0.5,3.36,9.1,5
7.3,0.67,3.16,9.4,5
6.3,0.3,3.44,10.3,6
6.9,0.55,3.41,10.1,5
8.6,0.49,2.93,9.9,6
7.7,0.49,3.39,9.6,5
9.3,0.39,3.14,9.5,5
7,0.62,3.48,9,5
7.9,0.52,3.23,9.5,5
8.6,0.49,2.93,9.9,6
8.6,0.49,2.93,9.8,5
7.7,0.49,3.39,9.6,5
5,1.02,3.75,10.5,4
4.7,0.6,3.85,12.9,6
6.8,0.775,3.45,10.7,5
7,0.5,3.25,9.2,5
7.6,0.9,3.39,9.8,5
8.1,0.545,3.3,9,6
8.3,0.61,3.4,10.2,6
7.8,0.5,3.31,10.4,6
8.1,0.545,3.3,9,6
8.1,0.575,3.29,9.2,5
7.2,0.49,3.33,9.4,5
8.1,0.575,3.29,9.2,5
7.8,0.41,3.08,9.3,5
6.2,0.63,3.46,9.3,5
8,0.33,3.37,9.6,6
8.1,0.785,3.21,9.3,5
7.8,0.56,3.19,9.5,5
8.4,0.62,3.15,9.8,5
8.4,0.6,3.15,9.8,5
10.1,0.31,3.32,9.7,6
7.8,0.56,3.19,9.5,5
9.4,0.4,3.07,10.5,6
8.3,0.54,3.39,10,6
7.8,0.56,3.37,9.4,6
8.8,0.55,3.21,10.9,6
7,0.69,3.34,9.2,6
7.3,1.07,3.3,9,5
8.8,0.55,3.21,10.9,6
7.3,0.695,3.49,9.2,5
8,0.71,3.44,9.5,5
7.8,0.5,3.39,9.5,5
9,0.62,3.16,9.4,5
8.2,1.33,3.53,10.9,5
8.1,1.33,3.54,10.9,5
8,0.59,3.42,10.5,7
6.1,0.38,3.42,9.4,5
8,0.745,3.24,9.4,5
5.6,0.5,3.63,13,5
5.6,0.5,3.63,13,5
6.6,0.5,3.4,9.8,6
7.9,1.04,3.22,9.9,6
8.4,0.745,3.19,9.6,5
8.3,0.715,3.23,9.5,5
7.2,0.415,3.48,9.2,5
7.8,0.56,3.33,9.5,5
7.8,0.56,3.32,9.5,5
8.4,0.745,3.19,9.6,5
8.3,0.715,3.23,9.5,5
5.2,0.34,3.68,14,6
6.3,0.39,3.34,9.4,5
5.2,0.34,3.68,14,6
8.1,0.67,3.17,9.4,5
5.8,0.68,3.54,10,5
7.6,0.49,3.11,9.3,5
6.9,0.49,3.42,10.2,6
8.2,0.4,3.53,10.5,6
7.3,0.33,3.33,10.3,6
9.2,0.52,2.74,9.4,4
7.5,0.6,3.35,10.1,5
7.5,0.6,3.35,10.1,5
7.1,0.43,3.42,10.5,5
7.1,0.43,3.42,10.5,5
7.1,0.43,3.42,10.5,5
7.1,0.43,3.42,10.5,5
7.1,0.68,3.48,9.3,5
6.8,0.6,3.59,9.3,6
7.6,0.95,3.2,9.6,5
7.6,0.68,3.17,9.2,4
7.8,0.53,3.33,10,6
7.4,0.6,3.37,9.4,5
7.3,0.59,3.37,9.4,5
7.8,0.63,3.19,9.5,5
6.8,0.64,3.34,10.2,5
7.3,0.55,3.37,9,4
6.8,0.63,3.47,10.4,6
7.5,0.705,3,9.5,5
7.9,0.885,3.36,9.1,4
8,0.42,3.29,9.2,6
8,0.42,3.29,9.2,6
7.4,0.62,3.42,11.5,6
7.3,0.38,3.33,9.5,5
6.9,0.5,3.35,9.5,5
7.3,0.38,3.33,9.5,5
7.5,0.52,3.58,10.5,6
7,0.805,3.48,9.6,5
8.8,0.61,3.19,9.5,5
8.8,0.61,3.19,9.5,5
8.9,0.61,3.12,9.3,5
7.2,0.73,3.44,9.3,5
6.8,0.61,3.54,9.3,5
6.7,0.62,3.52,9.3,6
8.9,0.31,3.26,9.7,5
7.4,0.39,3.34,9.2,5
7.7,0.705,3.39,9.7,5
7.9,0.5,3.2,9.5,5
7.9,0.49,3.2,9.5,5
8.2,0.5,3.23,9.4,5
6.4,0.37,3.57,9.8,6
6.8,0.63,3.28,9.5,5
7.6,0.55,3.28,9.7,5
7.6,0.55,3.28,9.7,5
7.8,0.59,3.25,9.4,5
7.3,0.58,3.46,10.2,5
11.5,0.3,3.11,10.1,6
5.4,0.835,3.57,13,7
6.9,1.09,3.51,11.4,4
9.6,0.32,3.22,10.3,7
8.8,0.37,3.04,9.3,5
6.8,0.5,3.36,9.5,5
7,0.42,3.34,9.2,5
7,0.43,3.34,9.2,6
12.8,0.3,3.2,10.8,7
12.8,0.3,3.2,10.8,7
7.8,0.57,3.29,9.3,5
7.8,0.44,3.22,9.4,5
11,0.3,3.31,10.5,7
9.7,0.53,3.3,12.4,6
8,0.725,3.35,10,6
11.6,0.44,3.21,10.2,6
8.2,0.57,3.3,10.1,5
7.8,0.735,3.24,9.8,6
7,0.49,3.34,10.5,5
8.7,0.625,3.14,11,5
8.1,0.725,3.36,9.1,5
7.5,0.49,3.39,9.7,5
7.8,0.53,3.3,9.5,5
7.8,0.34,3.34,9.4,6
7.4,0.53,3.15,9.4,5
6.8,0.61,3.42,9.5,5
8.6,0.645,3.28,10,6
8.4,0.635,3.31,10.4,4
7.7,0.43,3.37,10.5,6
8.9,0.59,3.04,9.5,6
9,0.82,3.39,9.8,5
7.7,0.43,3.37,10.5,6
6.9,0.52,3.46,11,5
5.2,0.48,3.54,12.2,7
8,0.38,3.37,9.9,6
8.5,0.37,3.34,9.6,6
6.9,0.52,3.46,11,5
8.2,1,3.32,9,6
7.2,0.63,3.37,9,6
7.2,0.63,3.37,9,6
7.2,0.645,3.37,9.2,6
7.2,0.63,3.37,9,6
8.2,1,3.32,9,6
8.9,0.635,3,9.3,5
12,0.38,3.14,10.9,6
7.7,0.58,3.08,9.8,6
15,0.21,3.07,9.2,7
15,0.21,3.07,9.2,7
7.3,0.66,3.61,9.9,6
7.1,0.68,3.38,9.5,5
8.2,0.6,3.2,9.3,5
7.7,0.53,3.35,9.8,6
7.3,0.66,3.61,9.9,6
10.8,0.32,3.22,10,6
7.1,0.6,3.47,9.9,6
11.1,0.35,3.17,10.5,5
7.7,0.775,3.23,9.5,5
7.1,0.6,3.47,9.9,6
8,0.57,3.26,9.3,5
9.4,0.34,3.22,9.2,5
6.6,0.695,3.49,9.2,5
7.7,0.41,3.06,9.4,5
10,0.31,3.36,10.5,7
7.9,0.33,3.29,9.3,5
7,0.975,3.35,9.4,4
8,0.52,3.34,10,5
7.9,0.37,3.28,9.3,5
12.5,0.56,3.08,10.9,5
11.8,0.26,3.2,10.2,7
8.1,0.87,3.6,9.8,4
7.9,0.35,3.35,12.8,8
6.9,0.54,3.69,9.4,6
11.5,0.18,3.28,10.1,6
7.9,0.545,3.36,10.7,6
11.5,0.18,3.28,10.1,6
10.9,0.37,3.22,10.1,5
8.4,0.715,3.31,9.4,5
7.5,0.65,3.38,9.4,5
7.9,0.545,3.36,10.7,6
6.9,0.54,3.69,9.4,6
11.5,0.18,3.28,10.1,6
10.3,0.32,3.23,12.6,8
8.9,0.4,3.38,10.5,7
11.4,0.26,3.12,9.3,6
7.7,0.27,3.25,9.9,7
7.6,0.52,3.36,9.1,5
8.9,0.4,3.38,10.5,7
9.9,0.59,3.31,9.8,5
9.9,0.59,3.31,9.8,5
12,0.45,3.1,10.3,6
7.5,0.4,3.37,10.3,6
8.7,0.52,3.34,10.6,7
11.6,0.42,3.2,9.2,5
8.7,0.52,3.34,10.6,7
11,0.2,3.3,10.5,5
10.4,0.55,3.22,10.3,6
6.9,0.36,3.41,10.1,6
13.3,0.34,3.05,9.5,6
10.8,0.5,3.05,9.5,5
10.6,0.83,3.16,9.9,5
7.1,0.63,3.67,9.6,5
7.2,0.65,3.67,9.7,5
6.9,0.67,3.68,9.6,5
7.5,0.53,3.38,10.7,6
11.1,0.18,3.22,10.1,6
8.3,0.705,3.51,10,5
7.4,0.67,3.39,9.5,5
8.4,0.65,3.2,9.2,5
10.3,0.53,3.12,9.3,6
7.6,0.62,3.36,9.4,5
10.3,0.41,3.19,9.5,6
10.3,0.43,3.19,9.5,6
7.4,0.29,3.41,9.5,6
10.3,0.53,3.12,9.3,6
7.9,0.53,3.27,9.4,6
9,0.46,3.32,9.5,6
8.6,0.47,3.3,9.4,5
7.4,0.36,3.39,11,5
7.1,0.35,3.42,11,6
9.6,0.56,3.3,10.1,5
9.6,0.77,3.3,10.4,6
9.8,0.66,3.37,11.5,7
9.6,0.77,3.3,10.4,6
9.8,0.66,3.37,11.5,7
9.3,0.61,3.24,9.7,5
7.8,0.62,3.29,9.3,5
10.3,0.59,3.28,9.5,6
10,0.49,3.16,9.2,6
10,0.49,3.16,9.2,6
11.6,0.53,3.05,11.5,7
10.3,0.44,3.28,11.5,5
13.4,0.27,3.16,9.7,6
10.7,0.46,3.18,9.5,5
10.2,0.36,3.23,12.5,6
10.2,0.36,3.23,12.5,6
8,0.58,3.22,9.4,6
8.4,0.56,3.13,11,5
7.9,0.65,3.34,11.7,7
11.9,0.695,3.17,12.2,7
8.9,0.43,3.35,12.5,6
7.8,0.43,3.31,10.3,5
12.4,0.49,3.16,11.5,6
12.5,0.28,3.11,9.8,7
12.2,0.34,3.12,9.2,6
10.6,0.42,3.21,11.3,6
10.9,0.39,3.3,9.8,6
10.9,0.39,3.3,9.8,6
11.9,0.57,3.12,10.7,6
7,0.685,3.6,9.9,5
6.6,0.815,3.58,12.3,7
13.8,0.49,3.02,12,6
9.6,0.56,3.11,10,6
9.1,0.785,3.36,9.4,6
10.7,0.67,3.28,9.9,6
9.1,0.795,3.35,9.4,6
7.7,0.665,3.27,9.3,5
13.5,0.53,3.18,13,5
6.1,0.21,3.25,11.9,6
6.7,0.75,3.55,12.8,6
11.5,0.41,3.26,11,5
10.5,0.42,3.24,11.7,7
11.9,0.43,3.15,10.4,7
12.6,0.38,3.17,9.8,6
8.2,0.7,3.19,9.4,5
8.6,0.45,3.37,9.9,6
11.9,0.58,3.05,10,5
12.5,0.46,2.99,10.2,5
12.8,0.615,3.07,10,7
10,0.42,3.26,11.8,6
12.8,0.615,3.07,10,7
10.4,0.575,3.16,9,5
10.3,0.34,3.18,9.4,5
9.4,0.27,3.2,12,7
6.9,0.765,3.57,9.9,5
7.9,0.24,3.32,8.7,6
9.1,0.28,3.32,10.6,6
7.4,0.55,3.05,9.2,5
14,0.41,3.01,10.8,6
11.5,0.54,3.01,11.8,7
11.5,0.45,3.26,11,6
9.4,0.27,3.2,12,7
11.4,0.625,3.11,13.3,6
8.3,0.42,3.31,10.8,6
8.3,0.26,3.21,9.4,6
13.7,0.415,3.06,10,6
8.3,0.26,3.21,9.4,6
8.3,0.26,3.21,9.4,6
7.7,0.51,3.42,9.2,5
7.4,0.63,3.43,9.7,6
7.8,0.54,3.41,9.2,6
8.3,0.66,3.31,9.6,6
7.8,0.46,3.43,9.2,6
9.6,0.38,3.19,10,7
5.6,0.85,3.56,12.9,8
13.7,0.415,3.06,10,6
9.5,0.37,3.18,9.5,5
8.4,0.665,3.16,9.1,5
12.7,0.6,3.03,9.9,5
12,0.37,3.22,13,7
6.6,0.735,3.47,9.9,5
11.5,0.59,3.18,11,6
11.5,0.59,3.18,11,6
8.7,0.765,3.1,9.4,5
6.6,0.735,3.47,9.9,5
7.7,0.26,3.29,10.8,6
12.2,0.48,3.1,10.5,6
11.4,0.6,3.15,10.5,6
7.7,0.69,3.26,9.1,5
8.7,0.31,3.36,10.1,6
9.8,0.44,3.24,10.8,6
12,0.39,3.18,10.8,7
10.4,0.34,3.19,11.3,6
12.5,0.46,3.05,9.6,4
9,0.43,3.38,9.5,6
9.1,0.45,3.38,9.5,5
7.1,0.735,3.27,9.3,5
9.9,0.4,3.27,11.7,7
8.8,0.52,3.26,9.5,5
8.6,0.725,3.32,9.3,5
10.6,0.48,3.26,11.7,6
7,0.58,3.44,10.5,5
11.9,0.38,3.24,10.4,6
6.8,0.77,3.62,9.9,5
9.5,0.56,3.28,11.8,7
6.6,0.84,3.52,12.3,7
7.7,0.96,3.36,10.9,5
10.5,0.24,3.15,11,7
7.7,0.96,3.36,10.9,5
6.6,0.84,3.52,12.3,7
6.4,0.67,3.49,11.4,6
9.5,0.78,3.26,10.6,6
9.1,0.52,3.24,9.3,5
12.8,0.84,3.1,10.4,6
10.5,0.24,3.15,11,7
7.8,0.55,3.25,9.2,5
11.9,0.37,3,12.8,6
12.3,0.39,3.16,9.5,5
10.4,0.41,3.15,9.9,6
12.3,0.39,3.16,9.5,5
8,0.67,3.26,10.2,6
11.1,0.45,3.17,11.2,6
10.4,0.41,3.15,9.9,6
7,0.62,3.08,9.3,5
12.6,0.31,2.88,9.8,8
11.9,0.4,3.06,11.3,6
15.6,0.685,2.95,11.2,7
10,0.44,3.23,11.6,7
5.3,0.57,3.57,12.5,7
9.5,0.735,3.23,10.1,6
12.5,0.38,3.1,10.5,5
9.3,0.48,3.22,11.2,5
8.6,0.53,3.2,10.2,6
11.9,0.39,3.1,10.8,6
11.9,0.39,3.1,10.8,6
8.4,0.37,3.06,9.1,6
6.8,0.56,3.44,10,6
10.4,0.33,3.26,11.2,7
7,0.23,3.5,11.1,5
11.3,0.62,3.22,13.4,8
8.9,0.59,3.37,10.3,5
9.2,0.63,3.28,9.6,5
10.4,0.33,3.26,11.2,7
11.6,0.58,3.25,9,3
9.2,0.43,3.35,11.3,6
8.3,0.615,3.26,9.3,5
11,0.26,3.18,11.8,5
8.1,0.66,3.08,9,5
11.5,0.315,2.98,9.2,6
10,0.29,3.48,9.7,5
10.3,0.5,3.16,11.5,6
8.8,0.46,3.32,14,6
11.4,0.36,3.17,9.2,6
8.7,0.82,3.2,9.8,5
13,0.32,3.05,10.6,5
9.6,0.54,3.2,11.4,6
12.5,0.37,3.15,10.4,6
9.9,0.35,3.26,10.6,5
10.5,0.28,3.2,9.4,6
9.6,0.68,3.14,10.2,5
9.3,0.27,3.28,9.7,5
10.4,0.24,3.18,11,6
9.6,0.68,3.14,10.2,5
9.4,0.685,3.19,10.1,6
10.6,0.28,3.12,9.2,5
9.4,0.3,3.15,11.7,8
10.6,0.36,3.04,9.4,5
10.6,0.36,3.04,9.4,5
10.6,0.44,3.06,13.4,6
10.2,0.67,3.17,10,5
10.2,0.67,3.17,10,5
10.2,0.645,3.17,10,6
11.6,0.32,3.32,10.8,7
9.3,0.39,3.34,10.2,6
9.3,0.775,3.31,10.6,6
9.2,0.41,3.34,13.3,7
8.9,0.4,3.32,13.4,7
8.7,0.69,3.48,11.6,6
6.5,0.39,3.44,12.1,6
10.7,0.35,3.15,11,8
7.8,0.52,3.43,9,6
7.2,0.34,3.32,11.1,5
10.7,0.35,3.15,11,8
8.7,0.69,3.48,11.6,6
7.8,0.52,3.43,9,6
10.4,0.44,3.17,12,7
10.4,0.44,3.17,12,7
10.5,0.26,3.18,10.9,7
10.5,0.24,3.21,10.8,7
10.2,0.49,3.16,12.5,7
10.4,0.24,3.25,10.8,7
11.2,0.67,3.17,9.5,6
10,0.59,3.18,10.2,6
13.3,0.29,3.04,11.4,7
12.4,0.42,3.02,9.5,5
10,0.59,3.18,10.2,6
10.7,0.4,3.03,9.7,6
10.5,0.51,3.09,11.8,7
10.5,0.51,3.09,11.8,7
8.5,0.655,3.31,9.3,5
12.5,0.6,3.25,11.9,6
10.4,0.61,3.16,8.4,3
10.9,0.21,3.22,11.7,6
7.3,0.365,3.36,11,5
9.8,0.25,3.42,10,6
7.6,0.41,3.48,9.1,5
8.2,0.39,3.38,9.8,5
9.3,0.4,3.22,9.4,5
9.2,0.43,3.23,9.5,5
10.4,0.64,3.24,9.9,5
7.3,0.365,3.36,11,5
7,0.38,3.39,11.4,6
8.2,0.42,3.34,8.7,6
9.9,0.63,3.09,9.4,5
9.1,0.22,3.41,10.3,6
11.9,0.38,3.16,10.3,5
11.9,0.38,3.16,10.3,5
10.3,0.27,3.22,12.8,6
10,0.48,3.28,10,6
9.1,0.22,3.41,10.3,6
9.9,0.63,3.09,9.4,5
8.1,0.825,3.37,10.7,6
12.9,0.35,3.2,12,7
11.2,0.5,3.22,11.2,5
9.2,0.59,3.26,9.6,5
9.5,0.46,3.21,11,6
9.3,0.715,3.12,9.9,5
11.2,0.66,3.06,11,6
14.3,0.31,2.86,8.4,6
9.1,0.47,3.08,9.1,5
7.5,0.55,3.45,9.5,6
10.6,0.31,3.26,10.7,6
12.4,0.35,3.12,10.4,6
9,0.53,3.27,9.4,6
6.8,0.51,3.33,9.5,6
9.4,0.43,3.19,10,6
9.5,0.46,3.12,10,6
5,1.04,3.74,11.5,5
15.5,0.645,2.92,11.1,5
15.5,0.645,2.92,11.1,5
10.9,0.53,3.07,11.7,6
15.6,0.645,2.92,11.1,5
10.9,0.53,3.07,11.7,6
13,0.47,3.3,12.7,6
12.7,0.6,3.14,11.4,5
9,0.44,3.23,9.2,5
9,0.54,3.08,9.2,5
7.6,0.29,3.31,10.1,6
13,0.47,3.3,12.7,6
12.7,0.6,3.14,11.4,5
8.7,0.7,3.32,9,6
8.7,0.7,3.32,9,6
9.8,0.5,3.31,10.7,6
6.2,0.36,3.57,11.7,6
11.5,0.35,3.32,11,6
6.2,0.36,3.57,11.7,6
10.2,0.24,3.14,10.4,5
10.5,0.59,3.3,9.6,4
10.6,0.34,3.19,10,6
12.3,0.27,3.2,10.2,6
9.9,0.5,3.34,10,4
8.8,0.44,3.3,9.5,5
8.8,0.47,3.29,9.8,5
10.6,0.31,3.14,9.8,6
12.3,0.5,3.19,9.6,5
12.3,0.5,3.19,9.6,5
11.7,0.49,3.19,9.2,5
12,0.28,2.98,9.9,7
11.8,0.33,3.3,10.7,7
7.6,0.51,3.47,9.6,6
11.1,0.31,3.12,10.6,7
7.3,0.73,3.26,9.3,5
5,0.42,3.72,14,8
10.2,0.29,3.05,10.5,7
9,0.45,3.35,9.7,5
6.6,0.39,3.12,11.5,6
9,0.45,3.35,9.7,5
9.9,0.49,3.29,9,5
7.9,0.72,3.4,9.5,5
8.9,0.595,3.27,9.3,5
12.4,0.4,3.04,9.3,6
11.9,0.58,3.09,10,6
8.5,0.585,3.2,9.8,6
12.7,0.59,3,9.3,6
8.2,0.915,3.26,10,4
13.2,0.46,3.1,9,6
7.7,0.835,3.3,9.3,5
13.2,0.46,3.1,9,6
8.3,0.58,3.17,9.1,6
8.3,0.6,3.31,9.2,6
9.4,0.41,3.34,12.2,7
8.8,0.48,3.31,10.5,6
10.1,0.65,3.32,10.4,6
6.3,0.36,3.56,12.7,6
8.8,0.24,3.39,9.2,5
13.2,0.38,2.98,9.4,5
7.5,0.64,3.32,10,6
8.2,0.39,3.26,9.8,5
9.2,0.755,2.87,10.2,6
9.6,0.6,3.5,9.7,5
9.6,0.6,3.5,9.7,5
11.5,0.31,3.03,9.8,6
11.4,0.46,3.13,10.2,5
11.3,0.37,3.09,9.3,5
8.3,0.54,3.27,9.4,5
8.2,0.56,3.28,9.4,5
10,0.58,3.13,9.5,5
7.9,0.51,3.49,12.1,6
6.8,0.69,3.46,10.2,5
6.8,0.69,3.46,10.2,5
8.8,0.6,3.36,9.1,5
8.8,0.6,3.36,9.1,5
8.7,0.54,3.27,9.3,6
7.6,0.685,3.21,9.3,5
8.7,0.54,3.27,9.3,6
10.4,0.28,3.25,9.5,5
7.6,0.41,3.32,10.5,6
10.1,0.935,3.43,11.3,4
7.9,0.35,3.27,9.5,5
8.7,0.84,3.27,9.7,5
9.6,0.88,3.24,9.4,5
9.5,0.885,3.24,9.4,5
7.7,0.915,3.35,10.2,7
8.9,0.29,3.18,10.3,6
9.9,0.54,3.39,9.4,5
9.5,0.59,3.46,9.5,5
9.9,0.54,3.39,9.4,5
9.5,0.59,3.46,9.5,5
9.9,0.54,3.39,9.4,5
7.8,0.64,3.37,10.1,7
7.3,0.67,3.4,10.1,5
8.3,0.845,3.32,11,4
8.7,0.48,3.33,11.2,7
6.7,0.42,3.16,11.3,6
10.7,0.43,2.89,9.6,5
9.8,0.88,3.41,11.2,5
15.9,0.36,2.98,14.9,5
9.4,0.33,3.12,12,6
8.6,0.47,3.08,9.5,5
9.7,0.55,3.14,9.4,5
10.7,0.43,2.89,9.6,5
12,0.5,2.92,10.5,7
7.2,0.52,3.32,9.6,6
7.1,0.84,3.41,11,4
7.2,0.52,3.32,9.6,6
7.5,0.42,3.31,9,5
7.2,0.57,3.36,9.6,6
10.1,0.28,3.04,10.2,6
12.1,0.4,3.03,10.2,5
9.4,0.59,3.14,9.7,5
8.3,0.49,3.18,9.5,6
11.3,0.34,2.94,9.2,6
10,0.73,3.15,11,5
11.3,0.34,2.94,9.2,6
6.9,0.4,3.26,10,5
8.2,0.73,3.2,9.5,5
9.8,1.24,3.15,9.5,5
8.2,0.73,3.2,9.5,5
10.8,0.4,3.08,9.3,6
9.3,0.41,3.26,10.2,5
10.8,0.4,3.08,9.3,6
8.6,0.8,3.4,9.9,5
8.3,0.78,3.48,10,5
10.8,0.26,3.13,9.6,5
13.3,0.43,3.06,9,5
8,0.45,3.21,10.2,6
8.5,0.46,3.33,9.8,5
8.1,0.78,3.37,11.3,5
9.8,0.98,3.25,9.4,5
8.1,0.78,3.37,11.3,5
7.1,0.65,3.44,9.1,5
9.1,0.64,3.28,9.7,5
7.7,0.66,3.4,9.4,5
8.1,0.38,3.3,9.4,5
7.4,1.185,3.63,10.7,3
9.2,0.92,3.48,9.8,5
8.6,0.49,3.03,9,5
9,0.48,3.32,9.4,5
9,0.47,3.31,9.4,5
5.1,0.47,3.9,12.8,6
7,0.65,3.47,9.5,6
7,0.65,3.47,9.5,6
9.4,0.615,3.31,9.7,5
11.8,0.38,3.11,10.8,6
10.6,1.02,3.08,10.1,6
7,0.65,3.47,9.5,6
7,0.64,3.47,9.4,6
7.5,0.38,3.32,9.6,4
9.1,0.765,3.29,9.7,4
8.4,1.035,3.37,9.9,5
7,0.78,3.4,10,5
7.4,0.49,3.37,10.5,5
7.8,0.545,3.34,11.6,6
9.7,0.31,3.27,10,6
10.6,1.025,3.06,10.1,5
8.9,0.565,3.38,9.5,5
8.7,0.69,3.36,9.4,5
8,0.43,3.34,9.4,5
9.9,0.74,3.28,9.8,5
7.2,0.49,3.29,9.2,6
8,0.43,3.34,9.4,5
7.6,0.46,3.21,10,5
8.4,0.56,3.22,9.6,5
7.1,0.66,3.46,9.5,5
8.4,0.56,3.22,9.6,5
8.9,0.48,3.1,9.2,5
7.6,0.42,3.21,10,5
7.1,0.31,2.94,9.5,5
7.5,1.115,3.54,11.2,4
9,0.66,3.29,10.4,5
8.1,0.72,3.43,11.1,6
6.4,0.57,3.46,9.5,5
6.4,0.57,3.46,9.5,5
6.4,0.865,3.61,12.7,6
9.5,0.55,3.17,9.6,5
8.9,0.875,3.44,11.5,5
7.3,0.835,3.39,9.6,5
7,0.45,3.55,9.5,5
7.7,0.56,3.48,9.3,5
7.7,0.965,3.26,9.5,5
7.7,0.965,3.26,9.5,5
8.2,0.59,3.5,9.3,6
9,0.46,3.1,9.2,5
9,0.69,3.35,9.3,5
8.3,0.76,3.45,11.5,6
9.2,0.53,3.21,9.5,5
6.5,0.615,3.46,9.2,5
11.6,0.41,3.13,10,5
11.1,0.39,3.13,9.5,5
7.3,0.51,3.52,9.5,6
8.2,0.34,3.3,9,6
8.6,0.33,3.3,9.4,5
7.2,0.5,3.52,9.6,6
7.3,0.51,3.52,9.5,6
8.3,0.65,3.29,9.5,5
8.3,0.65,3.29,9.5,5
7.6,0.54,3.39,9.4,5
8.3,0.65,3.29,9.5,5
7.8,0.48,3.09,9.1,6
7.8,0.91,3.51,10.7,6
6.3,0.98,3.6,11.2,6
8.1,0.87,3.25,9.8,5
8.1,0.87,3.25,9.8,5
8.8,0.42,3.19,9.2,5
9,0.58,3.23,9.7,5
9.3,0.655,3.25,9.6,5
8.8,0.7,3.31,10,6
9.3,0.655,3.25,9.6,5
9.1,0.68,3.31,9.5,6
9.2,0.67,3.31,9.5,6
8.8,0.59,3.14,9.4,5
7.5,0.6,3.45,9.5,5
7.1,0.59,3.55,9.7,6
7.9,0.72,3.39,9.6,5
7.1,0.59,3.55,9.7,6
9.4,0.685,3.28,9.4,5
9.5,0.57,3.27,9.4,5
7.9,0.4,3.3,9.5,6
7.9,0.4,3.31,9.5,6
7.2,1,3.43,10,5
6.9,0.765,3.4,10.3,6
6.9,0.635,3.4,10.3,6
8.3,0.43,3.36,10.5,5
7.1,0.52,3.5,9.8,5
7,0.57,3.31,9.4,6
6.5,0.46,3.66,9.8,5
9,0.82,3.36,10,5
6.5,0.46,3.66,9.8,5
7.1,0.59,3.55,9.8,5
9.9,0.35,3.21,9.5,5
9.9,0.35,3.21,9.5,5
10,0.56,3.18,10.1,6
10,0.56,3.18,10.1,6
8.6,0.63,3.09,9.3,5
7.4,0.37,3.33,9.7,6
8.8,0.64,3.23,9.6,5
7.1,0.61,3.48,9.7,6
7.7,0.6,3.38,10.8,5
10.1,0.27,3.17,12.5,6
10.8,0.89,2.99,10.2,5
8.7,0.46,3.1,9.6,5
9.3,0.37,3.24,10.8,7
9.4,0.5,3.29,10.7,6
9.4,0.5,3.29,10.7,6
7.2,0.61,3.25,9.4,5
8.6,0.55,3.23,10,5
5.1,0.585,3.56,12.9,7
7.7,0.56,3.24,9.6,6
8.4,0.52,3.26,9.9,6
8.2,0.28,3.33,12.8,7
8.4,0.25,3.27,12.5,7
8.2,0.28,3.33,12.8,7
7.4,0.53,3.26,9.2,5
7.6,0.48,3.22,10.3,6
7.3,0.49,3.3,10.5,5
12.9,0.5,3.09,10.9,6
10.8,0.45,3.24,10.8,5
6.9,0.39,3.44,11.4,4
12.6,0.41,3.21,11.3,6
10.8,0.45,3.24,10.8,5
9.8,0.51,3.23,10.5,6
10.8,0.29,3.28,11.9,6
7.1,0.715,3.29,9.4,5
9.1,0.66,3.28,9.6,5
7,0.685,3.34,9.7,5
4.9,0.42,3.71,14,7
6.7,0.54,3.61,9.8,5
6.7,0.54,3.61,9.8,5
7.1,0.48,3.24,10.3,5
7.1,0.46,3.36,10.7,5
7.5,0.27,3.4,11,7
7.1,0.46,3.36,10.7,5
7.8,0.57,3.46,12.7,8
5.9,0.61,3.56,11.1,6
7.5,0.685,3.38,10.9,4
5.9,0.61,3.56,11.1,6
10.4,0.44,3.38,9.9,3
11.6,0.47,3.38,9.9,4
8.8,0.685,3.32,9.4,5
7.6,0.665,3.39,9.3,5
6.7,0.28,3.26,11.7,7
6.7,0.28,3.26,11.7,7
10.1,0.31,3.24,11.2,7
6,0.5,3.46,10,5
11.1,0.42,3.24,12.1,7
6.6,0.66,3.45,10.3,5
10.6,0.5,3.23,10.9,6
7.1,0.685,3.28,9.4,5
9.9,0.25,3.18,10.6,6
6.4,0.64,3.59,9.8,5
6.4,0.64,3.59,9.8,5
7.4,0.68,3.5,9.9,6
6.4,0.64,3.59,9.8,5
6.4,0.63,3.58,9.8,5
9.3,0.43,3.28,9.5,5
9.3,0.43,3.28,9.5,5
8,0.42,3.22,9.7,5
9.3,0.36,3.47,10.9,6
9.3,0.36,3.47,10.9,6
7.6,0.735,3.51,11.7,7
9.3,0.36,3.47,10.9,6
8.2,0.26,3.4,11.3,7
11.7,0.28,3.15,10.6,7
6.8,0.56,3.4,11.2,6
7.2,0.62,3.51,9.5,5
5.8,1.01,3.66,11.5,6
7.5,0.42,3.24,10.4,5
7.2,0.62,3.51,9.7,5
7.2,0.62,3.51,9.5,5
7.2,0.635,3.51,9.7,5
6.8,0.49,3.41,11.3,6
6.9,0.51,3.4,11.2,6
6.8,0.56,3.4,11.2,6
7.6,0.63,3.44,10.9,6
7.7,0.715,3.41,11.8,6
6.9,0.56,3.53,10.6,5
7.3,0.35,3.43,10,4
9.1,0.21,3.23,11.1,7
10.4,0.38,3.12,11.8,7
8.8,0.31,3.31,11.8,7
7.1,0.47,3.4,10.9,4
7.7,0.715,3.41,11.8,6
8.8,0.61,3.22,10,6
7.2,0.6,3.53,9.5,5
9.2,0.56,3.15,9.9,5
7.6,0.715,3.48,11.4,6
8.4,0.31,3.22,12,6
7.2,0.6,3.53,9.5,5
8.8,0.61,3.22,10,6
8.9,0.75,3.34,10.5,5
9,0.8,3.33,10.4,6
10.7,0.52,3.15,12.1,7
6.8,0.57,3.43,11.2,6
10.7,0.9,3.22,9.3,5
7.2,0.34,3.44,10.1,5
7.2,0.66,3.53,9.7,5
10.1,0.45,3.22,9.3,6
7.2,0.66,3.53,9.7,5
7.2,0.63,3.53,9.8,6
7.1,0.59,3.42,10.7,6
8.3,0.31,3.31,12.5,7
7.1,0.59,3.42,10.7,6
8.3,0.31,3.31,12.5,7
8.3,1.02,3.48,11,3
8.9,0.31,3.4,11.8,5
7.4,0.635,3.58,10.8,7
7.4,0.635,3.58,10.8,7
6.8,0.59,3.41,10.8,7
6.8,0.59,3.41,10.8,7
9.2,0.58,3.23,9.5,5
7.2,0.54,3.39,11,5
6.1,0.56,3.59,11.5,6
7.4,0.52,3.43,10.8,6
7.3,0.305,3.29,11.5,6
9.3,0.38,3.23,13.2,6
9.1,0.28,3.18,10.9,6
10,0.46,3.33,12.2,6
9.4,0.395,3.27,12.2,7
7.3,0.305,3.29,11.5,6
8.6,0.315,3.27,11.9,6
5.3,0.715,3.62,11,5
6.8,0.41,3.38,10.1,6
8.4,0.36,3.3,11,6
8.4,0.62,3.38,11.8,6
9.6,0.41,3.24,10.5,5
8.4,0.36,3.3,11,6
8.4,0.62,3.38,11.8,6
6.8,0.41,3.38,10.1,6
8.6,0.47,3.18,11.2,5
8.6,0.22,3.47,11,7
9.4,0.24,3.47,10.2,6
8.4,0.67,3.2,9.2,4
8.6,0.47,3.18,11.2,5
8.7,0.33,3.3,12,7
6.6,0.61,3.69,10.5,5
7.4,0.61,3.48,9.8,5
7.6,0.4,3.45,9.5,6
7.4,0.61,3.48,9.8,5
6.6,0.61,3.69,10.5,5
8.8,0.3,3.39,11.8,6
8.8,0.3,3.39,11.8,6
12,0.63,3.07,10.4,4
7.2,0.38,3.34,12.9,7
6.2,0.46,3.61,11.4,5
9.6,0.33,3.36,12.4,7
9.9,0.27,3.19,12.5,7
10.1,0.43,3.22,10,7
9.8,0.5,3.24,9.7,7
8.3,0.3,3.27,12.1,7
10.2,0.44,3.14,11.1,7
10.2,0.44,3.29,12,7
8.3,0.28,3.26,12.4,7
8.9,0.12,3.41,11.9,7
8.9,0.12,3.41,11.9,7
8.9,0.12,3.41,11.9,7
8.3,0.28,3.26,12.4,7
8.2,0.31,3.31,11.2,7
10.2,0.34,3.2,12.1,7
7.6,0.43,3.44,12.2,6
8.5,0.21,3.36,10.4,5
9,0.36,3.31,11.3,6
9.5,0.37,3.29,11.1,6
6.4,0.57,3.47,11.3,7
8,0.59,3.36,10,5
8.5,0.47,3.16,11.1,6
7.1,0.56,3.27,9.3,5
6.6,0.57,3.38,9.5,5
8.8,0.27,3.15,11.2,6
8.5,0.47,3.16,11.1,6
8.3,0.34,3.34,11,6
9,0.38,3.13,11.9,7
8.5,0.66,3.13,9.2,5
9,0.4,3.2,12.2,6
6.7,0.56,3.46,10.2,5
10.4,0.26,3.33,10.9,6
10.4,0.26,3.33,10.9,6
10.1,0.38,3.22,11.6,7
8.5,0.34,3.52,10.7,5
8.8,0.33,3.3,12.1,7
7.2,0.41,3.44,9.4,5
7.2,0.41,3.44,9.4,5
8.4,0.59,3.15,9.1,5
7,0.4,3.28,11.3,7
12.2,0.45,3.13,10.4,5
9.1,0.5,3.32,10.5,6
9.5,0.86,3.25,10,5
7.3,0.52,3.34,12.9,6
9.1,0.5,3.32,10.5,6
12.2,0.45,3.13,10.4,5
7.4,0.58,3.45,11.3,6
9.8,0.34,3.19,11.4,7
7.1,0.36,3.44,9.4,5
7.7,0.39,3.16,9.4,5
9.7,0.295,3.14,10.9,6
7.7,0.39,3.16,9.4,5
7.1,0.34,3.45,9.4,5
6.5,0.4,3.36,9.4,6
7.1,0.34,3.45,9.4,5
10,0.35,3.15,9.4,5
7.7,0.6,3.39,10.1,6
5.6,0.66,3.71,12.8,7
5.6,0.66,3.71,12.8,7
8.9,0.84,3.12,9.1,6
6.4,0.69,3.47,12.9,6
7.5,0.43,3.44,11.5,7
9.9,0.35,3.26,10.6,7
9.1,0.29,3.26,11.7,7
6.8,0.36,3.36,12.8,7
8.2,0.43,3.25,10.3,5
6.8,0.36,3.36,12.8,7
9.1,0.29,3.26,11.7,7
9.1,0.3,3.26,11.7,7
8.9,0.35,3.23,12,7
9.6,0.5,3.18,10.9,5
8.9,0.28,3.25,12.3,7
8.9,0.32,3.17,10.4,6
7.7,1.005,3.23,10,5
7.5,0.71,3.38,10,6
8,0.58,3.22,11.2,6
10.5,0.39,3.06,11.4,6
8.9,0.38,3.27,12.6,7
8,0.18,2.89,12.7,6
8,0.18,2.89,12.7,6
7,0.5,3.53,10.4,5
11.3,0.36,3.2,11.9,6
11.3,0.36,3.2,11.9,6
7,0.51,3.35,10.5,5
8.2,0.32,3.27,12.3,6
7.7,0.58,3.32,10.5,7
8.6,0.83,3.33,10.4,6
7.9,0.31,3.41,12.6,6
6.4,0.795,3.49,11.6,5
7.2,0.34,3.37,10.1,6
7.7,0.58,3.32,10.5,7
7.1,0.59,3.42,11.5,7
7.3,0.55,3.35,11,7
8.1,0.82,3.36,9.6,5
7.5,0.57,3.3,10.4,6
8.9,0.745,3.2,9.7,6
10.1,0.37,3.17,10.6,7
7.6,0.31,3.22,12.5,7
7.3,0.91,3.35,9.2,5
8.7,0.41,3.24,12.6,7
8.9,0.5,3.33,11.1,6
7.4,0.965,3.58,10.2,5
6.9,0.49,3.38,9.8,6
8.9,0.5,3.33,11.1,6
9.5,0.39,3.29,10.9,7
6.4,0.39,3.36,12.2,6
6.9,0.44,3.32,11.4,6
7.6,0.78,3.31,10.7,6
7.1,0.43,3.49,10.4,5
9.3,0.49,3.27,10.9,6
9.3,0.5,3.27,10.8,6
7.1,0.43,3.49,10.4,5
8.5,0.46,3.03,9.2,5
5.6,0.605,3.56,12.9,5
8.3,0.33,3.38,12.7,7
8.2,0.64,3.13,9.1,6
8.2,0.64,3.13,9.1,6
8.9,0.48,3.21,12.1,7
7.6,0.42,3.15,9.1,5
9.9,0.53,3.19,11.6,7
8.9,0.48,3.21,12.1,7
11.6,0.23,3.14,9.9,6
9.1,0.4,3.21,12.5,8
8,0.38,3.3,11.4,6
10.2,0.29,3.22,11.8,6
8.2,0.74,3.28,11.8,6
7.7,0.61,3.29,10.2,6
6.6,0.52,3.4,12.5,7
11.1,0.31,3.02,10.9,7
11.1,0.31,3.02,10.9,7
8,0.62,3.31,10.8,5
9.3,0.33,3.18,11.1,7
7.5,0.77,3.2,9.2,5
7.2,0.35,3.4,9.5,6
8,0.62,3.31,10.7,6
7.5,0.77,3.2,9.2,5
9.1,0.25,3.44,10.2,7
9.9,0.32,3.15,11.4,6
8.6,0.37,3.27,11,5
8.6,0.37,3.27,11,5
7.9,0.3,3.01,12.3,7
10.3,0.27,3.16,11.8,6
7.9,0.3,3.01,12.3,7
7.2,0.38,3.42,9.5,6
8.7,0.42,3.33,12,6
7.2,0.38,3.42,9.5,6
6.8,0.48,3.12,9.6,5
8.5,0.34,3.38,11.6,7
7.9,0.19,3.29,11.2,6
11.6,0.41,3.02,9.9,7
11.6,0.41,3.02,9.9,7
10,0.26,2.98,11.8,8
7.9,0.34,3.35,11.4,6
7,0.54,3.43,11.5,6
9.2,0.31,3.33,12,7
6.6,0.725,3.35,10.8,6
9.4,0.4,3.15,10.5,5
6.6,0.725,3.35,10.8,6
8.6,0.52,3.2,9.4,5
8,0.31,3.15,12.5,7
8.6,0.52,3.2,9.4,5
8.4,0.34,3.11,12.4,6
7.4,0.49,3.35,12,6
6.1,0.48,3.45,11.2,6
7.4,0.49,3.35,12,6
8,0.48,3.28,12.4,6
6.3,0.57,3.41,12.8,5
8.2,0.23,3.21,12.3,6
9.1,0.3,3.27,11.7,7
8.1,0.78,3.36,9.5,5
10.8,0.47,3.17,10.8,6
8.3,0.53,3.25,10,6
5.4,0.42,3.78,12.3,7
7.9,0.33,3.29,11,6
8.9,0.24,3.12,9.5,6
5,0.4,3.49,13.6,6
7,0.69,3.38,11.3,6
7,0.69,3.38,11.3,6
7,0.69,3.38,11.3,6
7.1,0.39,3.3,13.3,6
5.6,0.66,3.52,12.9,5
7.9,0.54,3.2,13.1,8
6.6,0.5,3.44,12.3,6
6.3,0.47,3.45,12.3,6
10.7,0.4,3.12,11.2,6
6.5,0.58,3.62,11.5,4
8.8,0.24,3.14,11.3,7
5.8,0.29,3.39,13.5,6
6.3,0.76,3.51,11.5,6
10,0.43,3.22,10,5
10.5,0.43,3.21,10.5,6
9.1,0.6,3.18,10.4,6
5.9,0.19,3.32,9.5,5
7.4,0.36,3.38,13.6,7
7.2,0.48,3.37,11.2,7
8.5,0.28,3.3,11.8,7
8,0.25,3.38,11.9,6
10.4,0.52,3.22,11.4,6
10.4,0.52,3.22,11.4,6
7.5,0.41,3.14,9.1,5
8.2,0.51,3.34,9.5,6
7.3,0.4,3.41,9.5,6
8.2,0.38,3.27,11,6
6.9,0.45,3.3,11.4,6
7,0.22,3.61,10,6
7.3,0.32,3.43,10.1,5
8.2,0.2,3.53,10.4,6
7.8,0.5,3.28,9.8,6
10,0.41,3.21,11.8,7
7.8,0.39,3.39,11.6,6
10,0.35,3.23,12,6
8.2,0.33,3.3,12.8,7
6.1,0.58,3.46,12.5,6
8.3,0.6,3.15,9.8,5
9.6,0.42,3.23,11.1,6
6.6,0.58,3.59,11.4,6
8.3,0.6,3.15,9.8,5
8.5,0.18,3.33,11.8,7
5.1,0.51,3.46,12.9,7
6.7,0.41,3.42,10.6,6
10.2,0.41,3.16,10.8,5
10.6,0.36,3.14,11.1,7
8.8,0.45,3.21,10.2,6
8.5,0.32,3.14,11.8,7
9,0.785,3.29,10,5
9,0.785,3.29,10,5
8.5,0.44,3.01,9.4,5
9.9,0.54,2.94,10.2,5
8.2,0.33,3.32,12.4,7
6.5,0.34,3.21,12,6
7.6,0.5,3.32,11.5,6
9.2,0.36,3.2,10.5,6
7.1,0.59,3.42,10.8,6
9.7,0.42,3.27,12.3,6
7.6,0.36,3.46,9.5,6
7.6,0.36,3.46,9.5,6
6.5,0.61,3.61,11.5,6
6.5,0.88,3.58,11.2,4
7.1,0.66,3.35,12.7,7
5.6,0.915,3.68,11.4,5
8.2,0.35,3.27,11,6
8.2,0.35,3.27,11,6
9.8,0.39,3.19,11.4,5
10.2,0.4,3.38,10.5,6
6.8,0.66,3.29,9.3,5
6.7,0.64,3.36,10.9,5
7,0.43,3.33,11.9,6
6.6,0.8,3.52,12.2,5
7,0.43,3.33,11.9,6
6.7,0.64,3.36,10.9,5
8.8,0.955,3.3,9.6,4
9.1,0.4,3.28,12.5,6
6.5,0.885,3.56,10.8,5
7.2,0.25,3.52,12.4,7
6.4,0.885,3.56,10.8,5
7,0.745,3.22,9.5,6
6.2,0.43,3.52,9.5,6
7.9,0.58,3.21,9.5,6
7.7,0.57,3.16,9.8,6
7.7,0.26,3.15,10.9,6
7.9,0.58,3.21,9.5,6
7.7,0.57,3.16,9.8,6
7.9,0.34,3.27,11.2,7
8.6,0.42,3.35,11.7,8
9.9,0.74,3.14,9.4,5
7.2,0.36,3.4,11,7
7.2,0.36,3.4,11,7
7.2,0.36,3.4,11,7
9.9,0.72,3.35,10,5
7.2,0.36,3.4,11,7
6.2,0.39,3.45,11.2,7
6.8,0.65,3.35,10.4,6
6.6,0.44,3.32,9.3,5
6.8,0.65,3.35,10.4,6
9.6,0.38,3.15,10.5,6
10.2,0.33,3.1,10.4,6
8.8,0.27,3.26,11.3,6
7.9,0.57,3.29,9.5,6
8.2,0.34,3.23,12,6
8.2,0.4,3.24,10.6,6
9,0.39,3.2,10.9,6
10.9,0.32,3.28,11.5,6
10.9,0.32,3.28,11.5,6
8.1,0.53,3.26,9.6,6
10.5,0.36,3.23,12,6
12.6,0.39,3.07,10.3,6
9.2,0.46,3.15,9.4,5
7.5,0.58,3.02,9.2,5
9,0.58,3.27,9.6,5
5.1,0.42,3.68,13.6,7
7.6,0.43,3.4,9.5,5
7.7,0.18,3.37,11.8,6
7.8,0.815,3.38,10.8,5
7.6,0.43,3.4,9.5,5
10.2,0.23,3.23,9.3,4
7.1,0.75,3.39,12.8,6
6,0.33,3.3,11.5,4
7.8,0.55,3.26,9.4,6
7.1,0.75,3.39,12.8,6
8.1,0.73,3.38,9.6,4
6.5,0.67,3.45,11.8,4
7.5,0.61,3.1,9.3,5
9.8,0.37,3.16,9.8,5
9,0.4,3.22,12.2,6
8.3,0.56,3.37,9.5,5
5.9,0.29,3.33,10.3,6
7.4,0.55,3.49,10.5,5
7.4,0.74,3.12,10,5
7.4,0.55,3.49,10.5,5
6.9,0.41,3.41,11.1,6
7.1,0.6,3.4,10.9,6
7.1,0.6,3.4,10.9,6
7.5,0.58,3.28,9.8,5
7.1,0.72,3.45,9.8,5
7.9,0.66,3.43,9.5,5
7.8,0.7,3.4,10.9,5
6.1,0.64,3.47,11,5
7.5,0.59,3.1,9.2,5
7,0.58,3.32,11,6
6.8,0.64,3.44,11.3,6
6.8,0.64,3.44,11.3,6
8.6,0.635,3.02,9.3,5
6.3,1.02,3.59,11.2,4
9.8,0.45,3.15,9.8,5
8.2,0.78,3.37,9.6,4
8.5,0.37,3.38,11.8,6
7.2,0.57,3.38,10.3,6
7.2,0.57,3.38,10.3,6
10.4,0.43,3.1,11.4,6
6.9,0.41,3.47,9.5,6
5.5,0.49,3.5,14,8
5,0.38,3.7,14,6
7.3,0.44,3.38,11.7,6
5.9,0.46,3.5,11.2,5
7.5,0.58,3.1,9.3,5
7.8,0.58,3.24,11.2,6
8,0.715,3.24,9.5,6
8.5,0.4,3.28,12,4
7,0.69,3.35,9.7,6
8,0.715,3.24,9.5,6
9.8,0.3,3.14,11.5,7
7.1,0.46,3.37,10.4,6
7.1,0.46,3.37,10.4,6
7.9,0.765,3.33,10.9,6
8.7,0.63,3.26,10.2,6
7,0.42,3.39,10.9,5
11.3,0.37,3.15,10.5,5
7.1,0.16,3.35,12.4,6
8,0.6,3.22,13,5
7,0.6,3.3,10.2,5
7,0.6,3.3,10.2,5
7.6,0.74,3.36,11,5
8.2,0.635,3.29,10.9,6
5.9,0.395,3.62,12.4,6
7.5,0.755,3.34,9.7,4
8.2,0.635,3.29,10.9,6
6.6,0.63,3.2,9.5,5
6.6,0.63,3.2,9.5,5
7.2,0.53,3.35,12.1,6
5.7,0.6,3.45,12.2,6
7.6,1.58,3.5,10.9,3
5.2,0.645,3.78,12.5,6
6.7,0.86,3.6,11.7,6
9.1,0.37,3.3,11.2,6
8,0.28,3.36,11.2,5
7.6,0.79,3.12,9.2,5
7.5,0.61,3.3,9.8,5
9.7,0.69,3.29,10.1,5
6.8,0.68,3.41,11.1,4
9.7,0.69,3.29,10.1,5
7,0.62,3.28,9.2,5
7.5,0.61,3.3,9.8,5
6.5,0.51,3.33,12.8,6
8,1.18,3.34,10.5,5
7,0.36,3.4,10.1,6
7,0.36,3.4,10.1,6
7.5,0.63,3.26,9.8,6
5.4,0.74,4.01,12.5,6
9.9,0.44,3.18,11.9,6
7.5,0.63,3.26,9.8,6
9.1,0.76,2.9,9.1,6
9.7,0.66,3.26,10.1,5
5,0.74,4.01,12.5,6
9.1,0.34,3.18,11.4,5
9.1,0.36,3.18,11,7
6.7,0.46,3.39,10.6,6
6.7,0.46,3.39,10.6,6
6.7,0.46,3.39,10.6,6
6.7,0.46,3.39,10.6,6
6.5,0.52,3.34,9.3,5
7.4,0.6,3.29,9.8,6
7.4,0.6,3.29,9.8,6
7.8,0.87,3.26,9.2,5
8.4,0.39,3.09,9.7,6
9.1,0.775,3.18,9.6,5
7.2,0.835,3.39,10,5
6.6,0.58,3.38,12.6,6
6,0.5,3.36,9.5,5
6,0.5,3.36,9.5,5
6,0.5,3.36,9.5,5
7.5,0.51,3.36,10.5,6
7.5,0.51,3.36,10.5,6
7.5,0.51,3.36,10.5,6
7.6,0.54,3.37,10.4,6
7.5,0.51,3.36,10.5,6
11.5,0.42,3.09,11,5
8.2,0.44,3.25,10.2,6
6.1,0.59,3.52,11.4,5
7.2,0.655,3.34,9.5,5
7.2,0.655,3.34,9.5,5
6.9,0.57,3.41,10.8,5
9,0.6,3.34,10,5
7.2,0.62,3.32,11.8,6
7.6,0.645,3.37,10.3,5
7.6,0.645,3.37,10.3,5
7.2,0.58,3.35,10,5
6.1,0.32,3.36,10.1,5
6.1,0.34,3.36,10.1,5
7.3,0.43,3.6,11.1,6
7.4,0.64,3.28,9.5,5
11.6,0.475,3.07,10.03333333,6
9.2,0.54,3.24,10.9,5
8.3,0.85,3.36,10.1,5
11.6,0.475,3.07,10.03333333,6
8,0.83,3.29,9.8,4
7.2,0.605,3.46,11.8,6
7.8,0.5,3.18,9.5,5
7.3,0.74,3.24,9.8,5
6.9,0.54,3.25,10.5,6
8,0.77,3.27,9.8,6
6.6,0.61,3.33,10.4,4
8.7,0.78,3,9.2,5
7.5,0.58,3.21,11.6,6
8.7,0.78,3,9.2,5
7.7,0.75,3.24,9.3,5
6.8,0.815,3.32,9.8,3
7.2,0.56,3.26,9.9,5
8.2,0.885,3.11,10,5
5.2,0.49,3.71,12.2,6
7.2,0.45,3.29,9.9,6
7.5,0.57,3.36,10.8,6
7.5,0.57,3.36,10.8,6
6.8,0.83,3.38,9.6,5
8,0.6,3.3,9.9,5
8,0.6,3.3,9.9,5
7.1,0.755,3.19,9.5,5
8,0.81,3.19,9.2,5
7.4,0.64,3.3,9.6,5
7.4,0.64,3.3,9.6,5
6.6,0.64,3.35,10.3,5
6.7,0.48,3.1,9.7,5
6,0.49,3.58,12.5,6
8,0.64,3.37,11,5
7.1,0.62,3.17,9.8,5
8,0.52,3.3,10.2,5
6.4,0.57,3.32,9.2,5
8.6,0.685,3.31,9.55,6
8.7,0.675,3.31,9.55,5
7.3,0.59,3.28,9.9,5
7,0.6,3.52,10.2,7
7.2,0.67,3.42,11.1,6
7.9,0.69,3.25,9.9,5
7.9,0.69,3.25,9.9,5
7.6,0.3,3.44,11.9,6
7.2,0.33,3.23,10,8
8,0.5,3.43,10.7,6
7.7,0.28,3.28,11.3,7
8.2,0.24,3.22,10.9,6
6,0.51,3.54,10.7,6
8.1,0.29,3.27,12.4,7
6,0.51,3.54,10.7,6
6.6,0.96,3.5,11.9,6
6.4,0.47,3.56,10.6,6
8.2,0.24,3.22,10.9,6
9.9,0.57,3.04,10.1,5
10,0.32,3.2,9.6,5
6.2,0.58,3.56,9.4,5
10,0.32,3.2,9.6,5
7.3,0.34,3.35,12.1,7
7.8,0.53,3.16,9.8,5
7.7,0.64,3.27,9.9,5
7.8,0.53,3.16,9.8,5
7.5,0.4,3.34,9.4,5
7,0.54,3.39,11.4,6
6.4,0.53,3.5,11,4
8.3,0.26,3.26,9.6,6
8.3,0.26,3.26,9.6,6
7.7,0.23,3.41,12.1,6
7.6,0.41,3.3,11.2,5
7.8,0.64,3.31,11,5
7.9,0.18,3.33,11.3,5
7.4,0.41,3.37,10.4,5
7.6,0.43,3.26,9.9,6
5.9,0.44,3.48,11.7,6
6.1,0.4,3.42,10.1,7
10.2,0.54,3.18,9,6
10.2,0.54,3.18,9,6
10,0.38,3.15,8.5,5
6.8,0.915,3.53,11.1,5
7,0.59,3.41,10.3,5
7.3,0.67,3.32,11.06666667,6
7.2,0.37,3.23,11.3,7
7.4,0.785,3.16,9.566666667,6
6.9,0.63,3.4,9.8,5
6.9,0.58,3.38,11.7,5
7.3,0.67,3.32,11.1,6
7.4,0.785,3.16,9.6,6
6.9,0.63,3.4,9.8,5
6.8,0.67,3.4,9.7,5
6.9,0.58,3.4,9.7,5
7.2,0.38,3.23,11.3,8
7.2,0.37,3.23,11.3,7
7.8,0.32,3.33,11,7
6.6,0.58,3.35,11.6,7
7.6,0.49,3.41,9,5
11.7,0.45,3.21,10.9,6
6.5,0.9,3.5,10.9,6
6,0.54,3.3,10.55,6
7.6,0.49,3.41,9,5
8.4,0.29,3.39,10.5,5
7.9,0.2,3.32,11.9,7
6.4,0.42,3.41,10.4,6
6.2,0.785,3.59,10,4
6.8,0.64,3.36,10.4,6
6.9,0.63,3.34,10.8,6
6.8,0.59,3.41,9.7,5
6.8,0.59,3.41,9.7,5
7.3,0.48,3.3,10,7
6.7,1.04,3.52,11,4
7.3,0.48,3.3,10,7
7.3,0.98,3.31,9.7,3
10,0.69,2.88,9.7,5
6.7,0.7,3.43,12.6,5
7.6,0.35,3.38,11.1,6
6.1,0.6,3.38,11,5
9.9,0.5,3.16,8.8,5
5.3,0.47,3.54,13.56666667,7
9.9,0.5,3.16,8.8,5
5.3,0.47,3.54,13.6,7
7.1,0.875,3.4,10.2,3
8.2,0.28,3.39,10.6,5
5.6,0.62,3.66,10.1,4
8.2,0.28,3.39,10.6,5
7.2,0.58,3.33,10.3,4
8.1,0.33,3.35,10.7,5
6.8,0.91,3.53,10.9,4
7,0.655,3.37,9.7,5
6.8,0.68,3.38,10.3,5
6,0.64,3.52,10.6,5
5.6,0.54,3.72,11.4,5
6.2,0.57,3.44,10.8,6
7.1,0.22,3.39,12.4,6
5.6,0.54,3.72,11.4,5
6.2,0.65,3.57,11.95,5
7.7,0.54,3.26,9.7,5
6.4,0.31,3.42,10,7
7,0.43,3.35,10.6,6
7.7,0.54,3.26,9.7,5
6.9,0.74,3.45,11.5,6
6.6,0.895,3.53,10.8,6
6.9,0.74,3.45,11.5,6
7.5,0.725,3.26,9.6,5
7.8,0.82,3.16,9.4,5
7.3,0.585,3.31,9.8,5
6.2,0.44,3.51,11,6
7.5,0.38,3.36,11.4,6
6.7,0.76,3.55,9.95,3
6.8,0.81,3.51,10.8,6
7.5,0.38,3.36,11.4,6
7.1,0.27,3.38,10.6,6
7.9,0.18,3.28,11.1,5
6.4,0.36,3.47,9.7,6
7.1,0.69,3.44,9.8,5
6.4,0.79,3.53,10.4,6
6.4,0.56,3.33,10.5,6
6.9,0.84,3.53,9.233333333,6
6.9,0.84,3.53,9.25,6
6.1,0.32,3.42,10.6,5
6.5,0.53,3.38,10.3,6
7.4,0.47,3.32,10.5,5
6.6,0.7,3.44,10.2,5
6.5,0.53,3.38,10.3,6
6.9,0.48,3.39,9.05,4
6.1,0.32,3.42,10.6,5
6.8,0.48,3.34,10.4,5
6,0.42,3.39,10,6
6.7,0.48,3.33,9.7,5
6.8,0.47,3.3,9.6,6
7.1,0.53,3.29,10.8,6
7.9,0.29,3.31,10.1,6
7.1,0.69,3.42,10.2,6
6.6,0.44,3.42,11.3,6
6.1,0.705,3.6,10.2,5
7.2,0.53,3.21,9.9,6
8,0.39,3.39,9,5
6.6,0.56,3.42,11.7,7
7,0.55,3.36,9.7,6
6.1,0.53,3.6,10.3,6
5.4,0.58,3.5,10.2,6
6.2,0.64,3.57,12,5
7.2,0.39,3.46,9.9,5
6.2,0.52,3.56,11.6,6
7.4,0.25,3.4,10.9,7
6.7,0.855,3.3,10.75,6
11.1,0.44,3.25,10.4,6
8.4,0.37,3.17,11.2,7
6.5,0.63,3.36,10.1,6
7,0.57,3.36,10.2,5
6.3,0.6,3.55,12.1,5
11.2,0.4,3.1,10.4,5
7.4,0.36,3.24,11.4,8
7.1,0.68,3.45,9.5,5
7.1,0.67,3.44,9.4,5
6.3,0.68,3.51,11.3,6
7.3,0.735,3.41,9.4,5
6.6,0.855,3.54,11,6
7,0.56,3.44,10.55,7
6.6,0.88,3.53,9.9,5
6.6,0.855,3.54,11,6
6.9,0.63,3.22,9.5,5
7.8,0.6,3.21,9.9,5
7.8,0.6,3.21,9.9,5
7.8,0.6,3.21,9.9,5
7.2,0.695,3.29,10.1,5
7.2,0.695,3.29,10.1,5
7.2,0.695,3.29,10.1,5
6.7,0.67,3.39,10.9,6
6.7,0.16,3.34,11.2,6
7.2,0.695,3.29,10.1,5
7,0.56,3.34,9.2,5
6.2,0.51,3.48,11.5,6
6.4,0.36,3.37,12.4,6
6.4,0.38,3.44,11.1,6
7.3,0.69,3.33,9.5,5
6,0.58,3.58,12.5,6
5.6,0.31,3.39,10.5,6
7.5,0.52,3.26,11.8,6
8,0.3,3.3,10.8,6
6.2,0.7,3.54,11.9,6
6.8,0.67,3.42,11.3,6
6.2,0.56,3.54,11.3,5
7.4,0.35,3.36,11.9,6
6.2,0.56,3.54,11.3,5
6.1,0.715,3.57,11.9,5
6.2,0.46,3.33,9.8,5
6.7,0.32,3.29,11.6,7
7.2,0.39,3.3,11.5,6
7.5,0.31,3.34,11.4,6
5.8,0.61,3.55,10.9,6
7.2,0.66,3.27,12.8,6
6.6,0.725,3.29,9.2,5
6.3,0.55,3.32,11.6,6
5.4,0.74,3.67,11.6,6
6.3,0.51,3.42,11,6
6.8,0.62,3.42,9.5,6
6.2,0.6,3.45,10.5,5
5.9,0.55,3.52,11.2,6
6.3,0.51,3.42,11,6
5.9,0.645,3.57,10.2,5
6,0.31,3.39,11,6
